{
    "autoAdd": {
        "status": true,
        "message": "passwordnya ?",
        "reply": true
    },
    "autoJoin": {
        "status": true,
        "message": "pp",
        "reply": false,
        "ticket": false
    },
    "members": 500,
    "groupjoin": 150,
    "namegrup": "lpm",
    "autoRead": false,
    "autoRespond": {
        "status": false,
        "message": "already deactive"
    },
    "autoRespondMention": {
        "status": false,
        "message": "pc aja @!"
    },
    "Addimage": false,
    "runtime": 1584023403.734488,
    "receivercount": 3827731,
    "sendcount": 1991738,
    "silent": [],
    "protectkick": [],
    "protectinvite": [],
    "protectjoin": [],
    "protectcancel": [],
    "protectqr": [
        "cf27add3eb8ece2657a752387f1c24b9e"
    ],
    "whitelist": [
        "u0b80b5e660b83c3df080236deb12a156",
        "u1011d1175bc10d3a8a30646ba50cc5d3",
        "u6a5c12fbb90ed4b48bc0001c9fa3f570",
        "ue09829a15f161ace13c2f70e14648ef7",
        "u9b321442b3e680f75d58e601cf0f1421",
        "ub7ff65eacc17086f29dd402c56033841",
        "ub67c575e978deb7cbf295c866b3084c2",
        "u75691e809995e8aa1d62a22105497b32",
        "ua86bd51c0aa1ab6f085d461ae4cc1767",
        "u9464c98b918edaf241d5d16455c9f877",
        "u1ccf9b07dca2b141908031df1f58094b",
        "ueb10f91853fdf9ba8ccf435125e785b1",
        "u0ae1c54c776298d2802ae866df8164ba",
        "ua4ac5a458a8f224f3e18a54b79a9b3ba",
        "u07c7caf6a1e348fcc3810221d5c063b8",
        "u55b938ab0a0a8956c7def7c2da039cd2",
        "ue33d6aedd2e40014a24274a1c3a59a91",
        "u9e9d4156600e25c4234b323db5c8e39a",
        "u759d6b59d96608496eb344c7997c9dba",
        "u5d658144cf5f562684e8de8ccc1d6f0f",
        "u97bf7671d36e0cffd2466484050ab061",
        "u0fd5576e7fa91d53391fec3eddb4a480",
        "u2b4a124a772495a4de7c8ea3cdc1aa2d",
        "udf02a49d0dc8216af05d51390bcb2f13",
        "uf24f5186f318c24f8b3c0204a29b0ff9",
        "ued4b1f02f3ad89a5f02db6dfed623343",
        "u175183abd82ce4b94e180fe343654c9f",
        "u870e8cd374dae4d4c9cb87f41c7884ec",
        "uf69c1f65dde1ea67a441b56ebc1941c2",
        "u79eff0295318021adc9d8c71cb4965df",
        "uc405ff2b4a4b186e15caec34dcb9beec",
        "u700690e95d3cd9480215195b542bf498",
        "u90280b7f9fc928708e4a535351732767",
        "u2801a196ef66216df8db75a5f654686b",
        "uf2aa9d572b2a2d48338676e86cbdc7ba",
        "u1918e8b596b9345f9f56394cec25627f"
    ],
    "blacklist": [],
    "selfbackup": [],
    "livetime": [],
    "liveview": [],
    "Img": {},
    "changeGroupPicture": [],
    "wordban": [],
    "changePictureProfile": false,
    "changeCoverProfile": false,
    "checkContact": false,
    "checkPost": false,
    "checkSticker": false,
    "defaultReplyReader": "hii @!, sini nimbrung lah",
    "greet": {
        "join": {
            "status": false,
            "message": "kam @! moga betah"
        },
        "leave": {
            "status": false,
            "message": "jan kgn mude ya @!"
        }
    },
    "myProfile": {
        "coverId": "996c24598e619eefd3f25839931ae6ab",
        "displayName": "\udbc2\udc01\udbc2\udc01\ud835\ude96\ud835\ude9e\ud835\ude8d\ud835\ude8e \ud835\ude92\ud835\ude97 \ud835\ude9d\ud835\ude91\ud835\ude8e \ud835\ude9c\ud835\ude94\ud835\udea2.\udbff\udfff",
        "pictureStatus": "0hCou-OGeYHEBIVDXxb0tjF3QREi0_ehoIMDtQJjlTFXFtNwkWdjZWJmxTFnQ2MA8UdTNXdWVXS3Jn",
        "statusMessage": "\u2022\u2022\u2022\u262a\ufe0f\u2638\ufe0f\ud83d\udd49\ufe0f\u2721\ufe0f\u262f\ufe0f\u271d\ufe0f\u2022\u2022\u2022\n\n\u30de\u30b8\u3059\u304b\n\n\n\n\"cc\"\n(emoji)(emoji)(emoji)(emoji)\n(emoji)(emoji)(emoji)(emoji)\n(emoji)(emoji)(emoji)(emoji)\n(emoji)(emoji)(emoji)(emoji)\n\n\n\n\n\n\n\n\n\n\n\n\n\n\n\n\n\n\n\n\n\n\n\n\n\n\n\n\n\n\n\n\n\n\n\n\n\n\n\n\n\n\n\n\n\n\n\n\n\n\n\n\n\n\n\n\n\n\n\n\n\n\n\n\n\n\n\n\n\n\n\n\n\n\n\ndikit lagi\n\n\n\n\n\n\n\n\n\n\n\n\n\n\n\n\n\n\n\n\n\n\n\n\n\n\n\n\n\n\n\n\n\n\n\n\n\n\n\n\n\n\n\n\n\n\n\n\n\n\n\n\n\n\n\n\nserius dikit lagi\n\n\n\n\n\n\n\n\n\n\n\n\n\n\n\n\n\n\n\n\n\n\n\n\n\n\n\n\n\n\n\n\n\n\n\n\n\n\n\n\n\n\n\n\n\n\n\n\n\n\n\n\n\n\n\n\n\n\n\n\n\n\n\n\n\n\n\n\n\n\n\n\n\n\n\n\n\n\n\n\n\n\n\n\n\n\n\n\n\n\n\n\n\n\n\n\n\n\n\n\n\n\n\n\n\n\n\n\nsumpah lu autis \udbc1\udf06\udbc0\udd03Suspicious Face\udbff\udfff"
    },
    "mimic": {
        "status": true,
        "target": {}
    },
    "restartPoint": null,
    "setKey": {
        "status": false,
        "key": ","
    },
    "copyright": "If you respect the author please don't remove this copyright\n\u00a9 2018 Hello World",
    "author_lineid": "You can add the author by line id, https://line.me/ti/p/~zero-cool404",
    "changevp": false,
    "changeProfileVideo": false,
    "updateProfile": false,
    "autolike": false,
    "getpost": false,
    "invitekontak": true,
    "autokomen": true,
    "checkalbum": false,
    "detectlive": false,
    "detectTemplate": false,
    "unsendMessage": false,
    "detectspam": false,
    "mentionkick": false,
    "getposttl": false,
    "responcall": false,
    "detectflex": false,
    "detectflextext": false,
    "detectimage": false,
    "detectlocation": false,
    "detectvideo": false,
    "detectkick": false,
    "autoLike": false
}